id,title,cell
1,クワイエットワールド,
2,TOMO,
3,ファントムシティ,
4,こだま,
5,桜散る前に,
6,巡りの星,
7,残存,
8,声を聴かせて,
9,光の唄,
10,サカナ,
11,GOOD-BYE.,
12,遙かなるエトワール,
13,雨上がりの朝に,
14,スタートライン,
15,月の夢,
16,悲槍,
17,こころのふるさと,
18,真夏のペガサス,
19,いつか帰る日まで,
20,ドライビングスターズ,
21,約束の場所 2025,
22,竜の鐘,
23,レクイエム０,
24,小さな愛,
25,羊の影,
26,たそがれ,
27,祝福のレシテーション,
28,追憶のマリオネット,
29,メリークリスマスをわたしから,
30,愛さずに,
31,ひことみこ,
32,みのり,
33,恋のお星さま,
34,パラレルワールドで待ち合わせしましょう,
35,リフ,
36,旅立ち,
37,やまびこ,
38,桜ふらり,
39,BE LOVE EXPRESS,
40,負けたって。,
41,ほしのうた,
42,青い星の人たちへ,
43,コドウ・サイキドウ,
44,Chocolate,
45,Hello マイ フレンド,
46,夏のEYES,
47,忘却のエターナルランド,
48,Flower,
49,流星群,
50,OKAERI 8.15,
51,ハート to ハート,
52,ブーゲンビリアの花束を,
53,なみのうた,
54,Dancing Shadow,
55,ゆうやけ小路,
56,クジラレジューム,
57,アカシアの安息,
58,ココロセカイのこどもたち,
59,夜明け,
60,君たちの物語,
61,norma   ノーマ  -誰も知らない国-,
62,スノータウン,
63,はじまりのパルス,
64,悠奏ヒストリア,
65,アイコトバ,
66,風と、君と。,
67,ラストフラッグ,
68,神サピエンス,
69,Re BIRTH -リバース,
70,ニライカナイに誘われて,
71,山の精霊,
72,さすらいの輪舞曲（ロンド）,
73,僕らの別れ,
74,プラトニカ,
75,春とルルリラ,
76,セカンド,
77,うろこ雲,
78,幻影,
79,砂の惑星,
80,リヴァイアサン,
81,歌の星,
82,照ラ  Terra,
83,バベル,
84,燦  Sun,
85,黎明 reimei,
86,瑠璃色の雨,
87,こころのキラリ,
88,やまと風来,
89,オリーブの夏日（かじつ）,
90,ハートで魂(ソウル),
91,D,
92,ホウセンカ,
93,ストーリー,
94,ベロニカ,
95,夢人の華,
96,自分世界 - じぶんせかい,
97,Singing Stars -シンギングスターズ,
98,マイユニバース,
99,めぐみいのりし,
100,奏浄（そうじょう） 愛のうた,
101,青い鼓動,
102,サジタリウスの矢,
103,あいのしるし,
105,君となら,
106,メロディ,
107,鏡の国,
108,便り,
109,帰り道,
110,アワノウミ,
111,揺れる声のバラード,
112,ふたば,
113,スタート,
114,いたみ,
115,サリュー（Salut）,
116,color,
117,gene,
118,雨、さらさ,
119,山の聲（こえ）,
120,いざない,
121,カナン − canaan,
122,BURN THE HEART,
123,星影のメヌエット − Minuet of Starshadows,
124,ヒソカモリ,
125,海の底 - DEEP SEA,
126,こころのとびら,
127,ライドオン - Ride On,
128,使徒、アトラスよ,
129,花が咲いてる,
130,刹那、いとしき,
131,NORTH LAND -北辰の祈り-,
132,冬空のメリーゴーラウンド,
133,クオンタム　久遠魂夢,
997,お誕生日ありがとう,
998,おやすみ,
999,マイステージ,
