id,title,tags
1,"クワイエットワールド",葛藤;夏;海;つながり;星;涙;内省;宇宙
2,"TOMO",希望;つながり;現実の心;宇宙
3,"ファントムシティ",葛藤;つながり;現実の心;宇宙
4,"こだま",葛藤;春;つながり;星;宇宙;現実の心
5,"桜散る前に",葛藤;春;つながり;宇宙;涙;現実の心
6,"巡りの星",夏;海;つながり;星;宇宙;希望;涙;現実の心
7,"残存",葛藤;つながり;宇宙;涙;現実の心
8,"声を聴かせて",葛藤;星;宇宙;涙;現実の心
9,"光の唄",夏;海;つながり;星;宇宙;希望;現実の心
10,"サカナ",夏;海;つながり;宇宙;希望;現実の心
11,"GOOD-BYE.",希望;つながり;現実の心;宇宙
12,"遙かなるエトワール",希望;つながり;内省;宇宙
13,"雨上がりの朝に",葛藤;つながり;宇宙;涙;現実の心
14,"スタートライン",葛藤;海;つながり;星;宇宙;涙;現実の心
15,"月の夢",夏;つながり;星;宇宙;希望;現実の心
16,"悲槍",葛藤;涙;現実の心;宇宙
17,"こころのふるさと",自然;葛藤;内省
18,"真夏のペガサス",希望;夏;現実の心;宇宙
19,"いつか帰る日まで",つながり;星;宇宙;希望;涙;現実の心
20,"ドライビングスターズ",つながり;星;希望;内省;宇宙
21,"約束の場所 2025",希望;現実の心;宇宙
22,"竜の鐘",葛藤;つながり;涙;内省;宇宙
23,"レクイエム０",希望;つながり;現実の心;宇宙
24,"小さな愛",葛藤;自然;つながり;涙;現実の心
25,"羊の影",警鐘;夏;つながり;星;宇宙;現実の心
26,"たそがれ",自然;希望;星;現実の心
27,"祝福のレシテーション",海;つながり;希望;内省;宇宙
28,"追憶のマリオネット",自然;希望;内省
29,"メリークリスマスをわたしから",自然;つながり;希望;内省;冬
30,"愛さずに",夏;海;つながり;星;希望;涙;内省;宇宙
31,"ひことみこ",春;海;つながり;宇宙;希望;霊性
32,"みのり",葛藤;自然;春;つながり;涙;現実の心
33,"恋のお星さま",つながり;星;希望;内省;宇宙
34,"パラレルワールドで待ち合わせしましょう",警鐘;自然;春;つながり;星;現実の心
35,"リフ",葛藤;つながり;現実の心;宇宙
36,"旅立ち",自然;希望;現実の心
37,"やまびこ",夏;つながり;宇宙;希望;現実の心
38,"桜ふらり",自然;春;海;つながり;希望;内省
39,"BE LOVE EXPRESS",自然;春;つながり;希望;現実の心
40,"負けたって。",葛藤;春;宇宙;涙;現実の心
41,"ほしのうた",葛藤;祈り;つながり;星;内省;宇宙
42,"青い星の人たちへ",夏;海;冬;つながり;星;希望;内省;宇宙;秋
43,"コドウ・サイキドウ",葛藤;つながり;現実の心;宇宙
44,"Chocolate",希望;つながり;現実の心;宇宙
45,"Hello マイ フレンド",葛藤;つながり;宇宙;涙;現実の心
46,"夏のEYES",夏;自然;海;つながり;希望;涙;内省
47,"忘却のエターナルランド",自然;葛藤;つながり;現実の心
48,"Flower",葛藤;涙;現実の心;宇宙
49,"流星群",つながり;星;希望;内省;宇宙
50,"OKAERI 8.15",夏;つながり;星;宇宙;希望;現実の心
51,"ハート to ハート",希望;つながり;現実の心;宇宙
52,"ブーゲンビリアの花束を",春;星;宇宙;希望;涙;現実の心
53,"なみのうた",葛藤;海;涙;内省;宇宙
54,"Dancing Shadow",葛藤;夏;祈り;海;つながり;宇宙;涙;現実の心
55,"ゆうやけ小路",つながり;宇宙;希望;涙;現実の心
56,"クジラレジューム",葛藤;夏;海;星;宇宙;現実の心
57,"アカシアの安息",希望;秋;内省;宇宙
58,"ココロセカイのこどもたち",つながり;宇宙;希望;涙;現実の心
59,"夜明け",自然;希望;内省;星
60,"君たちの物語",希望;つながり;現実の心;宇宙
61,"norma   ノーマ  -誰も知らない国-",希望;涙;内省;宇宙
62,"スノータウン",現実の心;自然;つながり;希望;冬
63,"はじまりのパルス",海;つながり;星;希望;内省;宇宙
64,"悠奏ヒストリア",自然;希望;つながり;現実の心
65,"アイコトバ",自然;希望;現実の心
66,"風と、君と。",つながり;宇宙;希望;内省;冬
67,"ラストフラッグ",葛藤;つながり;星;宇宙;涙;現実の心
68,"神サピエンス",夏;海;希望;内省;宇宙
69,"Re BIRTH -リバース",夏;海;つながり;星;希望;内省;宇宙
70,"ニライカナイに誘われて",夏;海;希望;内省;宇宙
71,"山の精霊",星;宇宙;希望;内省;冬
72,"さすらいの輪舞曲（ロンド）",つながり;星;宇宙;希望;現実の心
73,"僕らの別れ",葛藤;つながり;星;涙;内省;宇宙
74,"プラトニカ",祈り;海;つながり;星;希望;内省;宇宙
75,"春とルルリラ",春;星;希望;内省;宇宙
76,"セカンド",希望;内省;宇宙
77,"うろこ雲",葛藤;夏;海;宇宙;涙;現実の心
78,"幻影",希望;内省;宇宙
79,"砂の惑星",葛藤;夏;祈り;海;つながり;星;涙;内省;宇宙
80,"リヴァイアサン",夏;警鐘;自然;海;内省
81,"歌の星",つながり;星;宇宙;希望;現実の心
82,"照ラ  Terra",自然;葛藤;内省;春
83,"バベル",警鐘;戦争への警鐘;自然;涙;現実の心
84,"燦  Sun",夏;つながり;宇宙;希望;現実の心
85,"黎明 reimei",希望;内省;宇宙
86,"瑠璃色の雨",葛藤;涙;現実の心;宇宙
87,"こころのキラリ",つながり;宇宙;希望;涙;現実の心
88,"やまと風来",希望;祈り;内省;宇宙
89,"オリーブの夏日（かじつ）",夏;海;宇宙;希望;現実の心
90,"ハートで魂(ソウル)",夏;海;つながり;希望;内省;宇宙
91,"D",つながり;星;希望;内省;宇宙
92,"ホウセンカ",海;葛藤;現実の心;宇宙
93,"ストーリー",星;希望;涙;内省;宇宙
94,"ベロニカ",葛藤;夏;つながり;日常;涙;現実の心
95,"夢人の華",葛藤;内省;宇宙
96,"自分世界 - じぶんせかい",葛藤;現実の心;宇宙
97,"Singing Stars -シンギングスターズ",希望;星;内省;宇宙
98,"マイユニバース",希望;涙;現実の心;宇宙
99,"めぐみいのりし",希望;現実の心;宇宙
100,"奏浄（そうじょう） 愛のうた",夏;海;つながり;星;希望;涙;内省;宇宙
101,"青い鼓動",葛藤;現実の心;宇宙
102,"サジタリウスの矢",葛藤;祈り;星;内省;宇宙
103,"ドン・キホーテの槍",自然;葛藤;内省
103,"あいのしるし",祈り;星;希望;内省;宇宙
105,"君となら",自然;希望;つながり;現実の心
106,"メロディ",つながり;星;宇宙;希望;涙;現実の心
107,"鏡の国",葛藤;つながり;宇宙;涙;現実の心
108,"便り",希望;つながり;内省;宇宙
109,"帰り道",葛藤;春;つながり;宇宙;涙;現実の心
110,"アワノウミ",海;つながり;宇宙;希望;霊性
111,"揺れる声のバラード",葛藤;現実の心;宇宙
112,"ふたば",葛藤;春;つながり;涙;内省;宇宙
113,"スタート",祈り;つながり;希望;内省;宇宙
114,"いたみ",葛藤;つながり;宇宙;涙;現実の心
115,"サリュー（Salut）",希望;内省;日常
116,"color",葛藤;海;つながり;星;宇宙;涙;現実の心
117,"gene",祈り;つながり;星;希望;内省;宇宙
118,"雨、さらさ",葛藤;夏;海;つながり;宇宙;涙;現実の心
119,"山の聲（こえ）",夏;内省;警鐘;宇宙
120,"いざない",祈り;つながり;星;希望;内省;宇宙
121,"カナン − canaan",希望;祈り;内省;宇宙
122,"BURN THE HEART",葛藤;自然;つながり;星;現実の心
123,"星影のメヌエット − Minuet of Starshadows",祈り;つながり;星;希望;内省;宇宙
124,"ヒソカモリ",つながり;希望;涙;内省;宇宙
125,"海の底 - DEEP SEA",葛藤;夏;海;涙;内省;宇宙
126,"こころのとびら",自然;葛藤;涙;現実の心
127,"ライドオン - Ride On",つながり;星;希望;内省;宇宙;秋
128,"使徒、アトラスよ",祈り;星;希望;内省;宇宙
129,"花が咲いてる",希望;内省;宇宙
130,"刹那、いとしき",葛藤;現実の心;日常
